name,salary,age
Paulie,1140,46
Henrie,1140,33
Tamera,1336,39
Fran,1356,75
Gunar,1149,38
Bone,1243,31
Carlen,1347,51
Juline,1371,79
Row,1236,35
Zeke,1227,71
Tobin,1338,72
George,1326,73
Jeramie,1123,69
Missie,1185,52
Cal,1371,61
Freida,1125,37
Brenna,1041,56
Bary,1320,67
Orland,1397,68
Evania,1170,22
Hazlett,1206,60
Lorelle,1003,44
Daniela,1160,32
Joellyn,1386,34
Luz,1311,43
Charlene,1082,32
Clevey,1255,50
Toni,1120,57
Inger,1113,68
Ryann,1336,36
Suzie,1400,75
Trent,1371,44
Lynnelle,1105,21
Shaylyn,1340,34
Jewell,1396,51
Belva,1103,61
Joela,1086,68
Brew,1137,22
Marcia,1142,73
Shelia,1224,57
Linda,1185,63
Janith,1187,67
Nealson,1062,28
Jimmy,1351,23
Denna,1369,60
Adolphe,1058,55
Carline,1131,70
Sherm,1218,33
Cobbie,1133,57
Wileen,1104,53
Amaleta,1080,68
Shaylynn,1144,27
Moore,1306,64
Augie,1323,31
David,1257,51
Brander,1094,51
Natalya,1116,72
Dominik,1337,52
Monte,1382,43
Renault,1161,74
Erhart,1086,35
Starlene,1304,60
Florette,1165,34
Rheba,1048,22
Zea,1213,37
Tracey,1100,33
Porty,1379,34
Sybil,1337,62
Belicia,1013,38
Zachary,1134,36
Luelle,1221,57
Court,1333,40
Leesa,1117,43
Tremayne,1062,38
Hali,1138,33
Kaitlyn,1030,80
Salli,1394,58
Horst,1095,23
Rriocard,1178,44
Lowell,1286,41
Perice,1338,57
Akim,1134,27
Carlin,1271,61
Louella,1190,51
Bronnie,1151,76
Alberto,1309,72
Ferdinande,1383,21
Auberon,1146,33
Tyne,1264,76
Layney,1124,65
Lovell,1104,34
Allene,1154,65
Gerrilee,1072,27
Hillard,1102,67
Frazer,1021,45
Rabbi,1029,73
Rene,1340,45
Devonna,1386,66
Ruthanne,1351,47
Fey,1249,57
Juliana,1062,45
Weylin,1074,28
Herbie,1388,63
Pauline,1126,73
Clement,1313,45
Perceval,1351,32
Zea,1291,78
Tammy,1155,57
Ichabod,1071,80
Vladamir,1113,21
Viola,1118,26
Loralie,1120,66
Gertrud,1031,68
Tracy,1202,79
Katlin,1138,31
Eddy,1076,70
Dave,1216,57
Yardley,1109,60
Heloise,1351,22
Rosette,1174,70
Elton,1334,64
Graham,1307,47
Gayleen,1322,24
Madlin,1327,35
Domenico,1358,24
Coraline,1166,31
Karl,1298,73
Clayborne,1294,54
Donn,1133,62
Inglebert,1394,77
Madison,1317,40
Winonah,1267,22
Kali,1067,25
Rodrique,1338,37
Whit,1094,79
Federica,1378,22
Sybille,1321,46
Antonetta,1148,74
Hortensia,1333,59
Estevan,1054,66
Lianna,1346,49
Mona,1033,79
Lenci,1103,29
Virginie,1124,54
Chaunce,1110,42
Vevay,1279,76
Debbie,1277,40
Margalit,1002,70
Kearney,1041,25
Jens,1026,54
Rahel,1377,68
Allx,1283,44
Dorisa,1178,79
Cornie,1360,61
Starr,1341,35
Nance,1099,62
Torin,1134,80
Marchelle,1356,31
Ignace,1097,25
Deena,1302,69
Marcille,1330,33
Daisi,1025,69
Alwyn,1279,43
Adaline,1395,64
Morna,1192,33
Lory,1040,31
Filippa,1362,23
Trudy,1265,29
Pascale,1021,40
Fredra,1332,77
Edan,1211,46
Rikki,1197,41
Eleanora,1129,49
Rosetta,1285,61
Jacintha,1238,27
Rurik,1023,80
Myrtice,1072,74
Miguelita,1268,22
Luella,1123,38
Wini,1222,30
Lucius,1238,61
Petronella,1183,58
Gabbey,1082,53
Aloysia,1253,68
Kippar,1086,61
Mattheus,1213,56
Anne-corinne,1157,56
Patrizius,1287,68
Claresta,1029,28
Brunhilde,1006,58
Elmore,1152,27
Raviv,1080,30
Manolo,1252,52
Andres,1332,25
Isidora,1119,29
Demetris,1255,39
Penni,1249,65
Hew,1304,39
Burton,1385,58
Deck,1278,28
Adlai,1233,62
Cecily,1010,78
Neda,1334,55
Tremayne,1184,48
Kelci,1011,69
Magnum,1064,63
Winfred,1063,27
Larine,1235,64
Kessia,1350,69
Lynn,1006,61
Bradley,1165,50
Tanner,1353,45
Joni,1175,49
Bancroft,1111,74
Griffin,1365,47
Jacynth,1172,43
Feliks,1312,63
Yolane,1160,21
Otes,1097,68
Hilliard,1045,61
Lorrayne,1396,77
Deanna,1128,46
Claus,1113,49
Zaneta,1314,35
Dorothy,1165,25
Bayard,1301,35
Farlay,1000,75
Farlee,1029,66
Jessie,1378,51
Kennan,1041,46
Humberto,1278,54
Vite,1053,52
Nicol,1267,64
Rhody,1038,33
Joice,1313,22
Ruperta,1299,43
Benoit,1378,45
Jennilee,1038,47
Gilberte,1040,73
Vance,1251,53
Anderson,1189,61
Shana,1099,72
Erena,1082,67
Agretha,1229,67
Sharline,1274,23
Earl,1391,40
Zacherie,1333,64
Alvira,1319,52
Lillis,1116,26
Thayne,1257,32
Leeanne,1249,78
Florina,1094,46
Catriona,1038,33
Buck,1203,26
Drusi,1393,42
Fielding,1336,32
Jessika,1047,60
Ferris,1162,62
Roi,1015,64
Waldo,1317,29
Palm,1344,78
Obidiah,1261,49
Rodina,1079,67
Bibbye,1366,58
Andre,1063,72
Ring,1371,37
Rinaldo,1261,46
Georgie,1174,80
Aura,1087,67
Aguste,1396,37
Graham,1101,60
Vikky,1067,42
Wendeline,1341,43
Melvyn,1243,43
Lanni,1356,55
Filide,1249,47
Roxane,1196,28
Brittany,1233,39
Michael,1072,37
Bethena,1171,28
Alena,1078,32
Lonnie,1181,35
Thomasine,1211,56
Teodoro,1210,69
Pete,1168,49
Doug,1171,72
Colan,1009,69
Dagmar,1035,26
Leeanne,1021,75
Tisha,1103,35
Maribel,1164,37
Blithe,1313,77
Kendra,1126,61
Basilio,1315,31
Eilis,1269,58
Deana,1282,65
Bertine,1135,74
Ker,1157,74
Car,1169,40
Marshall,1153,42
Natty,1123,36
Mariette,1099,70
Clement,1037,51
Silva,1227,70
Kordula,1170,79
Brande,1097,32
Persis,1182,73
Phyllida,1240,28
Maridel,1194,34
Wendye,1231,38
Emmit,1067,25
Carlye,1011,77
Joshua,1136,57
Jasmina,1185,29
Berthe,1397,32
Billie,1069,36
Aristotle,1359,65
Lukas,1220,62
Melessa,1143,72
Joanie,1381,60
Pinchas,1039,59
Hurlee,1065,67
Eugenius,1165,71
Dante,1186,58
Bonnibelle,1260,55
Oliy,1391,51
Bliss,1360,46
Ag,1353,31
Leanora,1100,77
Elisabeth,1250,46
Edsel,1021,35
Rainer,1244,67
Amy,1215,32
Yetta,1123,26
Ross,1398,39
Xylia,1147,48
Myrtice,1061,80
Ashbey,1089,68
Nil,1178,24
Valida,1146,41
Nero,1247,54
Myriam,1371,67
Deni,1077,76
Cyndi,1289,40
Kissee,1157,61
Quinlan,1253,68
Iago,1018,63
Adan,1189,35
Pooh,1256,67
Mariele,1261,46
Marissa,1082,70
Normand,1160,36
Mano,1356,62
Keith,1045,62
Rina,1389,78
Nobe,1043,34
Cletis,1186,64
Lissi,1020,47
Ricard,1037,21
Jyoti,1361,22
Alain,1388,35
Reynold,1148,61
Hew,1104,35
Carilyn,1178,78
Alix,1368,25
Tess,1124,33
Celesta,1162,69
Adelheid,1127,65
Norrie,1077,60
Paulette,1246,46
Margareta,1131,80
Neely,1062,42
Morten,1070,60
Carmen,1355,61
Dennison,1320,36
Alleen,1044,23
Martin,1079,23
Nikaniki,1075,48
Benjamen,1298,41
Patty,1080,70
Marylinda,1322,77
Lennard,1038,25
Zarah,1136,63
Dennis,1212,61
Mariam,1150,61
Stavro,1392,73
Oriana,1090,36
Giulietta,1162,51
Niki,1384,23
Korrie,1111,68
Lambert,1194,48
Kellen,1025,57
Ebony,1163,61
Adolphus,1390,36
Erda,1386,27
Tris,1368,61
Debi,1127,34
Rosamond,1246,26
Graehme,1180,29
Ceciley,1214,67
Gilberto,1351,41
Jodi,1296,23
Geri,1191,54
Kilian,1365,72
Jarid,1241,56
Josefa,1034,63
Elsbeth,1044,30
Jodee,1300,31
Trevar,1101,24
Anjela,1148,36
Niel,1038,80
Gwenore,1039,60
Ignaz,1109,34
Margit,1337,37
Brooks,1140,58
Gisele,1142,54
Jasmine,1043,23
Merl,1110,55
Paolina,1363,73
Tadio,1187,34
Dolley,1138,68
Monah,1393,73
Chryste,1293,50
Jecho,1104,38
Emile,1173,40
Pavlov,1025,60
Risa,1352,74
Rob,1057,69
Gabriello,1186,52
Jeana,1158,23
Ewell,1335,79
Kassandra,1238,41
Jocelin,1040,40
Clarita,1348,37
Gian,1107,72
Svend,1176,33
Redd,1208,33
Devondra,1039,36
Broderic,1245,42
Faunie,1354,23
Phillis,1137,47
Nessy,1363,58
Eustace,1240,74
Marylinda,1054,53
Glenn,1195,45
Antonin,1061,50
Oona,1286,31
Sisely,1166,76
Edmund,1199,50
Pepita,1006,23
Nichole,1002,66
Sheridan,1357,42
Valenka,1290,76
Maggy,1383,63
Dorotea,1267,23
Jerrylee,1318,68
Tarrah,1027,45
Mona,1377,36
Gisele,1304,66
Delcina,1189,70
Kyrstin,1246,35
Ophelie,1302,40
Mercie,1183,23
Wendel,1216,40
Peria,1006,29
Kathleen,1320,61
Bunny,1301,42
Karin,1086,55
Melvin,1399,50
Laney,1062,66
Amos,1361,44
Gilbert,1081,69
Janeva,1314,65
Griffith,1060,59
Eveleen,1206,35
Thaxter,1131,73
Louie,1360,73
Faythe,1325,78
Joyan,1140,74
Ardyth,1370,69
Stormy,1021,46
Sarena,1399,56
Hirsch,1379,40
Annabelle,1210,31
Austin,1101,62
Darill,1328,42
Beverly,1040,25
Chrissie,1249,28
Nicolle,1001,57
Lissi,1353,80
Renae,1216,23
Teddy,1288,43
Udall,1235,23
Pebrook,1354,41
Dacy,1379,45
Gawen,1398,78
Amii,1065,49
Ernestine,1339,36
Cristi,1194,68
Romola,1153,64
Morry,1202,45
Susy,1304,51
Correna,1021,51
Claresta,1182,78
Meggi,1006,42
Nicolea,1001,66
Beulah,1013,71
Welby,1400,77
Fee,1227,66
Natassia,1345,79
Howie,1325,35
Rey,1158,76
Wynne,1225,50
Eleanora,1126,46
Allister,1036,44
Carleen,1077,76
Westbrooke,1131,68
Aeriela,1004,58
Maureen,1317,41
Karlee,1002,22
Ellerey,1157,31
Anastasia,1333,26
Mel,1373,66
Thia,1123,54
Esma,1289,36
Lammond,1027,39
Nady,1135,47
Stanislaus,1216,48
Alison,1382,67
Nobie,1293,45
Rebe,1394,69
Brittan,1013,37
Suki,1170,49
Joyous,1298,58
Say,1092,45
Fleming,1075,66
Crosby,1289,51
Felecia,1171,26
Sandy,1351,39
Lonna,1373,39
Dulsea,1279,40
Roxie,1032,62
Valera,1098,40
Tabbie,1030,57
Luca,1211,72
Noel,1397,38
Welsh,1225,43
Birch,1202,28
Ray,1133,49
Clive,1087,39
Carlina,1049,48
Osbourn,1225,38
Rosene,1041,42
Devondra,1341,59
Lishe,1350,47
Andie,1011,61
Daffie,1238,40
Parker,1292,61
Mara,1248,61
Elliot,1271,47
Faustine,1147,69
Annora,1013,61
Christel,1197,34
Seline,1243,62
Herold,1313,46
Spense,1033,71
Annabela,1395,58
Burnaby,1027,23
Lyndsey,1207,25
Lorne,1014,79
Aldis,1066,78
Chicky,1377,56
Ignazio,1015,73
Deerdre,1204,34
Mellisa,1348,47
Vikki,1006,62
Ashia,1129,60
Rozalie,1345,55
Mellie,1389,29
Guss,1289,80
Tannie,1238,80
Colleen,1115,36
Harcourt,1317,48
Tymon,1080,25
Joela,1136,63
Cindee,1287,78
Brad,1260,25
Steward,1168,48
Nixie,1378,24
Viva,1244,63
Ajay,1212,27
Bernardine,1123,42
Kessiah,1336,23
Catriona,1137,67
Hermie,1211,77
Germana,1132,60
Max,1340,70
Lezley,1157,52
Glad,1224,68
Lyman,1097,52
Maudie,1222,32
Andrea,1079,75
Alvis,1295,43
Beck,1305,69
Nona,1179,58
Erskine,1217,42
Jourdan,1028,67
Karrie,1060,27
Eduino,1042,45
Reggie,1398,53
Janina,1231,27
Cammie,1082,69
Cassandry,1394,47
Britt,1243,62
Nefen,1031,25
Lars,1108,61
Tiffani,1028,28
Jorgan,1094,51
Bobette,1010,23
Veronica,1238,25
Natty,1356,74
Eward,1078,76
Gerty,1051,29
Nomi,1287,25
Libbie,1283,72
Ellie,1049,29
Amargo,1094,40
Kearney,1235,43
Anya,1130,72
Eldridge,1168,35
Ephraim,1220,70
Moyna,1028,55
Vlad,1067,65
Janith,1212,79
Dayna,1256,60
Adan,1348,76
Alford,1307,65
Dorella,1341,75
Kellen,1326,50
Sybille,1171,23
Thurstan,1170,30
Mindy,1234,70
Farlie,1133,61
Evvie,1299,46
Ayn,1029,40
Robinet,1200,55
Woodie,1244,78
Carolyne,1323,52
Franciskus,1157,80
Sargent,1153,66
Galina,1398,68
Daisie,1018,62
Wilma,1359,34
Martita,1268,50
Bertha,1114,57
Gris,1163,76
Arron,1121,52
Taber,1397,28
Noreen,1128,47
Corbet,1216,35
Larine,1235,36
Nikkie,1383,69
Edi,1257,55
Alic,1052,28
Marabel,1386,47
Cori,1335,33
Mirella,1315,56
Elsbeth,1074,30
Nannie,1222,58
Franzen,1150,60
Graeme,1376,66
Mabel,1281,74
Kissee,1135,48
Loise,1311,75
Evin,1258,69
Giacinta,1067,56
Austin,1271,37
Rayshell,1356,39
Felix,1116,61
Felicia,1054,74
Callida,1079,40
Vida,1310,58
Dasha,1080,47
Galvan,1013,49
Catha,1146,22
Salome,1278,66
Juliet,1208,44
Julianne,1326,38
Xavier,1203,55
Dante,1247,36
Yoshi,1001,61
Lidia,1352,25
Edi,1208,41
Levey,1225,69
Jock,1243,23
Dennis,1308,44
Edmund,1065,24
Orlan,1208,57
Armstrong,1238,32
Vince,1363,24
Jaye,1268,72
Rich,1369,47
Elianora,1334,67
Rozella,1160,31
Merry,1399,39
Margie,1380,35
Mart,1097,64
Baillie,1203,77
Webster,1348,33
Marsiella,1184,50
Carlyle,1346,63
Harrison,1231,64
Miguel,1261,46
Arne,1215,74
Normie,1169,25
Wileen,1120,65
Christina,1338,57
Sandi,1382,37
Blanch,1225,43
Florenza,1173,70
Natalina,1179,75
Cari,1091,41
Dulcea,1046,23
Linea,1376,55
Mada,1201,44
Flemming,1242,33
Kaja,1050,71
Jerrine,1308,23
Drucill,1169,73
Garvy,1269,76
Stepha,1198,41
Rudy,1243,62
Zorina,1218,39
Lothaire,1152,47
Maddi,1179,31
Keslie,1049,59
Sandra,1090,26
Millicent,1218,46
Claudetta,1255,67
Natka,1276,23
Jozef,1172,56
Trevor,1167,44
Jeniffer,1399,25
Josie,1016,63
Taylor,1042,62
Glori,1158,50
Wadsworth,1392,27
Elwira,1076,52
Ezra,1375,80
Gabrielle,1037,32
Brantley,1028,27
Darleen,1024,37
Jennica,1106,54
Alejandra,1212,73
Sammy,1165,61
Madonna,1058,46
Sally,1009,76
Cherilynn,1391,52
Skippy,1324,65
Lib,1029,25
Rusty,1066,67
Hilly,1326,52
Arther,1143,48
Silvester,1171,66
Loree,1155,36
Bartholemy,1019,55
Maximilian,1316,54
Lynn,1137,27
Alysia,1158,51
Matthaeus,1375,51
Dennis,1323,49
Ariel,1347,26
Colas,1200,67
Hyatt,1042,56
Brendon,1172,42
Kailey,1310,27
Janina,1192,79
Abie,1253,66
Yurik,1270,28
Amory,1252,74
Mariellen,1136,51
Elsy,1138,30
Steven,1190,68
Phelia,1263,69
Odille,1183,43
Hyacintha,1052,32
Odey,1244,23
Marena,1056,42
Staford,1073,62
Margalo,1068,50
Jonie,1023,35
Augusta,1246,24
Elia,1113,39
Glynnis,1324,47
Tobias,1355,47
Gordy,1211,62
Wade,1341,39
Claudell,1040,24
Jameson,1076,37
Paulita,1317,72
Simona,1395,65
Garrard,1224,51
Nessy,1219,52
Gail,1364,49
Ignaz,1227,77
Anestassia,1230,39
Charin,1260,49
Lona,1390,47
Amory,1388,76
Courtney,1363,49
Cherianne,1320,78
Misha,1306,46
Florian,1337,77
Cecilla,1220,67
Janek,1087,55
Daryl,1362,58
Marnie,1247,55
Buiron,1304,48
Melonie,1188,60
Gilberto,1207,55
Oona,1226,64
Ashil,1143,74
Kristoffer,1257,72
Kaiser,1318,22
Jamima,1111,23
Amalia,1258,21
Athene,1309,79
Jacquelin,1038,32
Tuck,1048,50
Loleta,1232,78
Tani,1009,21
Josey,1217,39
Mara,1269,37
Hakeem,1318,25
Hugo,1044,74
Iolanthe,1312,62
Julius,1082,79
Winny,1147,73
Marco,1186,58
Dotty,1321,58
Dalt,1190,25
Kizzee,1143,73
Mitch,1048,50
Gery,1096,60
Frants,1178,51
Perrine,1278,47
Roth,1075,44
Sibby,1012,69
Sayres,1299,32
Isadore,1234,56
Alysa,1152,31
Skippie,1299,55
Alejandrina,1121,34
Marabel,1051,77
Flinn,1045,43
Jan,1075,49
Sarette,1178,38
Michel,1018,40
Lorianna,1395,59
Dyann,1215,46
Candis,1214,27
Josy,1125,57
Katrinka,1218,24
Susie,1043,57
Townie,1306,21
Siffre,1018,68
Thoma,1370,45
Michell,1193,64
Ulises,1244,79
Ardelle,1096,44
Teri,1305,38
Burl,1348,56
Iggie,1114,72
Johnny,1379,51
Boy,1371,75
Marleah,1142,23
Georgena,1231,55
Dannel,1271,63
Tyson,1294,74
Carrie,1282,51
Lorant,1176,22
Aurore,1155,30
Alicia,1116,60
Marabel,1318,76
See,1085,74
Morgen,1226,58
Cullin,1276,26
Guss,1140,36
Marje,1195,77
Aileen,1064,80
Fancy,1159,77
Marquita,1119,67
Darbie,1120,62
Danya,1229,60
Skippie,1081,24
Sibyl,1172,63
Melisandra,1174,48
Kent,1046,31
Phip,1199,57
Anatola,1133,70
Jerrie,1307,58
Fabe,1092,40
Carmel,1135,50
Noella,1103,80
Algernon,1197,59
Robb,1078,53
Gilbert,1353,68
Barry,1126,30
Alva,1312,41
Danie,1063,51
Aurelia,1157,36
Maribel,1375,54
Hester,1180,34
Warner,1396,49
Elka,1082,27
Robin,1375,69
Cody,1100,65
Felix,1140,52
Bruno,1173,61
Alec,1342,41
Melli,1043,53
Celine,1037,28
Any,1137,76
Ellary,1370,52
Art,1184,55
Helena,1292,66
Xaviera,1224,39
Blinni,1005,58
Derrik,1062,68
Pancho,1287,37
Collin,1122,35
Dasha,1002,24
Brodie,1223,24
Helenelizabeth,1172,67
Hasty,1078,60
Farly,1097,59
Julio,1341,40
Almire,1126,71
Obie,1151,79
Candida,1307,54
Farlee,1333,54
Woodrow,1082,71
Lonna,1071,59
Art,1187,29
Carson,1116,27
Klara,1124,62
Timmie,1069,64
Debbie,1377,24
Pauly,1061,71
Marget,1318,59
Vinny,1121,26
Lida,1202,61
Ali,1051,29
Gwenni,1390,58
Emilee,1184,54
Lanita,1265,72
Mindy,1053,21
Markos,1001,35
Cooper,1081,45
Trever,1166,40
Essie,1100,71
Melodee,1085,77
Sharleen,1318,22
Sollie,1139,25
Tracey,1206,67
Alonso,1383,70
Si,1046,77
Otto,1191,47
Verene,1249,72
Joelynn,1166,62
Daphne,1091,53
Modesty,1080,47
Marie-ann,1139,62
Jerrilyn,1176,26
Frazier,1201,41
Brok,1360,78
Jennine,1057,66
Casey,1026,47
Doloritas,1156,71
Thibaud,1230,69
Tara,1306,71
Celle,1184,51
Caye,1315,35
Marabel,1142,44
Beilul,1077,34
Johannah,1316,59
Kimbell,1057,55
Chloe,1172,79
Vivi,1265,52
Curt,1319,43
Sigrid,1245,31
Cleve,1062,58
Karoly,1064,34
Sinclare,1316,49
Angeli,1368,55
Lamar,1195,70
Redford,1012,33
Bondon,1350,77
Zitella,1365,22
Franny,1025,41
